-- MySQL dump 10.13  Distrib 9.0.1, for macos14.4 (arm64)
--
-- Host: localhost    Database: InclusiFind
-- ------------------------------------------------------
-- Server version	8.0.36

/*!40101 SET @OLD_CHARACTER_SET_CLIENT=@@CHARACTER_SET_CLIENT */;
/*!40101 SET @OLD_CHARACTER_SET_RESULTS=@@CHARACTER_SET_RESULTS */;
/*!40101 SET @OLD_COLLATION_CONNECTION=@@COLLATION_CONNECTION */;
/*!50503 SET NAMES utf8mb4 */;
/*!40103 SET @OLD_TIME_ZONE=@@TIME_ZONE */;
/*!40103 SET TIME_ZONE='+00:00' */;
/*!40014 SET @OLD_UNIQUE_CHECKS=@@UNIQUE_CHECKS, UNIQUE_CHECKS=0 */;
/*!40014 SET @OLD_FOREIGN_KEY_CHECKS=@@FOREIGN_KEY_CHECKS, FOREIGN_KEY_CHECKS=0 */;
/*!40101 SET @OLD_SQL_MODE=@@SQL_MODE, SQL_MODE='NO_AUTO_VALUE_ON_ZERO' */;
/*!40111 SET @OLD_SQL_NOTES=@@SQL_NOTES, SQL_NOTES=0 */;

--
-- Table structure for table `Business_Tags`
--

DROP TABLE IF EXISTS `Business_Tags`;
/*!40101 SET @saved_cs_client     = @@character_set_client */;
/*!50503 SET character_set_client = utf8mb4 */;
CREATE TABLE `Business_Tags` (
  `Business_ID` int NOT NULL,
  `Tag_ID` int NOT NULL,
  `Created_At` datetime NOT NULL DEFAULT CURRENT_TIMESTAMP,
  PRIMARY KEY (`Business_ID`,`Tag_ID`),
  KEY `fk_Business_Tags_Tag_ID` (`Tag_ID`),
  CONSTRAINT `fk_Business_Tags_Business_ID` FOREIGN KEY (`Business_ID`) REFERENCES `Businesses` (`Business_ID`) ON DELETE CASCADE,
  CONSTRAINT `fk_Business_Tags_Tag_ID` FOREIGN KEY (`Tag_ID`) REFERENCES `Tags` (`Tag_ID`) ON DELETE CASCADE
) ENGINE=InnoDB DEFAULT CHARSET=utf8mb4 COLLATE=utf8mb4_0900_ai_ci;
/*!40101 SET character_set_client = @saved_cs_client */;

--
-- Dumping data for table `Business_Tags`
--

LOCK TABLES `Business_Tags` WRITE;
/*!40000 ALTER TABLE `Business_Tags` DISABLE KEYS */;
INSERT INTO `Business_Tags` VALUES (1,1,'2025-02-06 12:39:52'),(1,2,'2025-02-06 12:39:52'),(2,1,'2025-02-06 12:39:52'),(2,2,'2025-02-06 12:39:52'),(3,3,'2025-02-06 12:39:52'),(3,4,'2025-02-06 12:39:52'),(4,3,'2025-02-06 12:39:52'),(4,4,'2025-02-06 12:39:52'),(5,5,'2025-02-06 12:39:52'),(5,6,'2025-02-06 12:39:52'),(6,5,'2025-02-06 12:39:52'),(6,6,'2025-02-06 12:39:52'),(7,7,'2025-02-06 12:39:52'),(7,8,'2025-02-06 12:39:52'),(8,7,'2025-02-06 12:39:52'),(8,8,'2025-02-06 12:39:52'),(9,9,'2025-02-06 12:39:52'),(9,10,'2025-02-06 12:39:52'),(10,9,'2025-02-06 12:39:52'),(10,10,'2025-02-06 12:39:52'),(11,11,'2025-02-06 12:39:52'),(11,12,'2025-02-06 12:39:52'),(12,11,'2025-02-06 12:39:52'),(12,12,'2025-02-06 12:39:52'),(13,13,'2025-02-06 12:39:52'),(13,14,'2025-02-06 12:39:52'),(14,13,'2025-02-06 12:39:52'),(14,14,'2025-02-06 12:39:52'),(15,15,'2025-02-06 12:39:52'),(15,16,'2025-02-06 12:39:52'),(16,15,'2025-02-06 12:39:52'),(16,16,'2025-02-06 12:39:52'),(17,17,'2025-02-06 12:39:52'),(17,18,'2025-02-06 12:39:52'),(18,17,'2025-02-06 12:39:52'),(18,18,'2025-02-06 12:39:52'),(19,19,'2025-02-06 12:39:52'),(19,20,'2025-02-06 12:39:52'),(20,19,'2025-02-06 12:39:52'),(20,20,'2025-02-06 12:39:52');
/*!40000 ALTER TABLE `Business_Tags` ENABLE KEYS */;
UNLOCK TABLES;

--
-- Table structure for table `Businesses`
--

DROP TABLE IF EXISTS `Businesses`;
/*!40101 SET @saved_cs_client     = @@character_set_client */;
/*!50503 SET character_set_client = utf8mb4 */;
CREATE TABLE `Businesses` (
  `Business_ID` int NOT NULL AUTO_INCREMENT,
  `Owner_ID` int NOT NULL,
  `Name` varchar(255) NOT NULL,
  `Description` text NOT NULL,
  `Category_ID` int NOT NULL,
  `Address` varchar(255) NOT NULL,
  `Phone_Number` varchar(15) NOT NULL,
  `Website_URL` varchar(255) NOT NULL,
  `Hours_of_Operation` varchar(255) NOT NULL,
  `Logo_Image` varchar(255) NOT NULL,
  `is_Verified` tinyint(1) NOT NULL DEFAULT '0',
  `Rating` decimal(3,2) NOT NULL,
  `Created_At` datetime NOT NULL DEFAULT CURRENT_TIMESTAMP,
  `Updated_At` datetime NOT NULL DEFAULT CURRENT_TIMESTAMP ON UPDATE CURRENT_TIMESTAMP,
  PRIMARY KEY (`Business_ID`),
  KEY `fk_Businesses_Owner_ID` (`Owner_ID`),
  KEY `fk_Businesses_Category_ID` (`Category_ID`),
  CONSTRAINT `fk_Businesses_Category_ID` FOREIGN KEY (`Category_ID`) REFERENCES `Categories` (`Category_ID`) ON DELETE CASCADE ON UPDATE CASCADE,
  CONSTRAINT `fk_Businesses_Owner_ID` FOREIGN KEY (`Owner_ID`) REFERENCES `Users` (`UserID`)
) ENGINE=InnoDB AUTO_INCREMENT=41 DEFAULT CHARSET=utf8mb4 COLLATE=utf8mb4_0900_ai_ci;
/*!40101 SET character_set_client = @saved_cs_client */;

--
-- Dumping data for table `Businesses`
--

LOCK TABLES `Businesses` WRITE;
/*!40000 ALTER TABLE `Businesses` DISABLE KEYS */;
INSERT INTO `Businesses` VALUES (1,1,'Business1','Description of Business 1',1,'Address 1','9876543001','www.business1.com','Mon-Sun 9AM-9PM','logo1.jpg',0,0.43,'2025-02-06 12:36:40','2025-02-06 12:36:40'),(2,2,'Business2','Description of Business 2',2,'Address 2','9876543002','www.business2.com','Mon-Sun 9AM-9PM','logo2.jpg',0,4.94,'2025-02-06 12:36:40','2025-02-06 12:36:40'),(3,3,'Business3','Description of Business 3',3,'Address 3','9876543003','www.business3.com','Mon-Sun 9AM-9PM','logo3.jpg',0,3.46,'2025-02-06 12:36:40','2025-02-06 12:36:40'),(4,4,'Business4','Description of Business 4',4,'Address 4','9876543004','www.business4.com','Mon-Sun 9AM-9PM','logo4.jpg',0,2.45,'2025-02-06 12:36:40','2025-02-06 12:36:40'),(5,5,'Business5','Description of Business 5',5,'Address 5','9876543005','www.business5.com','Mon-Sun 9AM-9PM','logo5.jpg',0,1.86,'2025-02-06 12:36:40','2025-02-06 12:36:40'),(6,6,'Business6','Description of Business 6',6,'Address 6','9876543006','www.business6.com','Mon-Sun 9AM-9PM','logo6.jpg',0,1.97,'2025-02-06 12:36:40','2025-02-06 12:36:40'),(7,7,'Business7','Description of Business 7',7,'Address 7','9876543007','www.business7.com','Mon-Sun 9AM-9PM','logo7.jpg',0,4.27,'2025-02-06 12:36:40','2025-02-06 12:36:40'),(8,8,'Business8','Description of Business 8',8,'Address 8','9876543008','www.business8.com','Mon-Sun 9AM-9PM','logo8.jpg',0,0.45,'2025-02-06 12:36:40','2025-02-06 12:36:40'),(9,9,'Business9','Description of Business 9',9,'Address 9','9876543009','www.business9.com','Mon-Sun 9AM-9PM','logo9.jpg',0,4.40,'2025-02-06 12:36:40','2025-02-06 12:36:40'),(10,10,'Business10','Description of Business 10',10,'Address 10','9876543010','www.business10.com','Mon-Sun 9AM-9PM','logo10.jpg',0,0.72,'2025-02-06 12:36:40','2025-02-06 12:36:40'),(11,11,'Business11','Description of Business 11',11,'Address 11','9876543011','www.business11.com','Mon-Sun 9AM-9PM','logo11.jpg',0,0.39,'2025-02-06 12:36:40','2025-02-06 12:36:40'),(12,12,'Business12','Description of Business 12',12,'Address 12','9876543012','www.business12.com','Mon-Sun 9AM-9PM','logo12.jpg',0,4.76,'2025-02-06 12:36:40','2025-02-06 12:36:40'),(13,13,'Business13','Description of Business 13',13,'Address 13','9876543013','www.business13.com','Mon-Sun 9AM-9PM','logo13.jpg',0,2.69,'2025-02-06 12:36:40','2025-02-06 12:36:40'),(14,14,'Business14','Description of Business 14',14,'Address 14','9876543014','www.business14.com','Mon-Sun 9AM-9PM','logo14.jpg',0,4.17,'2025-02-06 12:36:40','2025-02-06 12:36:40'),(15,15,'Business15','Description of Business 15',15,'Address 15','9876543015','www.business15.com','Mon-Sun 9AM-9PM','logo15.jpg',0,2.79,'2025-02-06 12:36:40','2025-02-06 12:36:40'),(16,16,'Business16','Description of Business 16',16,'Address 16','9876543016','www.business16.com','Mon-Sun 9AM-9PM','logo16.jpg',0,1.42,'2025-02-06 12:36:40','2025-02-06 12:36:40'),(17,17,'Business17','Description of Business 17',17,'Address 17','9876543017','www.business17.com','Mon-Sun 9AM-9PM','logo17.jpg',0,3.72,'2025-02-06 12:36:40','2025-02-06 12:36:40'),(18,18,'Business18','Description of Business 18',18,'Address 18','9876543018','www.business18.com','Mon-Sun 9AM-9PM','logo18.jpg',0,4.38,'2025-02-06 12:36:40','2025-02-06 12:36:40'),(19,19,'Business19','Description of Business 19',19,'Address 19','9876543019','www.business19.com','Mon-Sun 9AM-9PM','logo19.jpg',0,0.77,'2025-02-06 12:36:40','2025-02-06 12:36:40'),(20,20,'Business20','Description of Business 20',20,'Address 20','9876543020','www.business20.com','Mon-Sun 9AM-9PM','logo20.jpg',0,0.66,'2025-02-06 12:36:40','2025-02-06 12:36:40'),(21,1,'Business1','Description of Business 1',1,'Address 1','9876543001','www.business1.com','Mon-Sun 9AM-9PM','logo1.jpg',0,3.09,'2025-02-06 12:39:52','2025-02-06 12:39:52'),(22,2,'Business2','Description of Business 2',2,'Address 2','9876543002','www.business2.com','Mon-Sun 9AM-9PM','logo2.jpg',0,2.40,'2025-02-06 12:39:52','2025-02-06 12:39:52'),(23,3,'Business3','Description of Business 3',3,'Address 3','9876543003','www.business3.com','Mon-Sun 9AM-9PM','logo3.jpg',0,2.76,'2025-02-06 12:39:52','2025-02-06 12:39:52'),(24,4,'Business4','Description of Business 4',4,'Address 4','9876543004','www.business4.com','Mon-Sun 9AM-9PM','logo4.jpg',0,1.61,'2025-02-06 12:39:52','2025-02-06 12:39:52'),(25,5,'Business5','Description of Business 5',5,'Address 5','9876543005','www.business5.com','Mon-Sun 9AM-9PM','logo5.jpg',0,4.76,'2025-02-06 12:39:52','2025-02-06 12:39:52'),(26,6,'Business6','Description of Business 6',6,'Address 6','9876543006','www.business6.com','Mon-Sun 9AM-9PM','logo6.jpg',0,3.99,'2025-02-06 12:39:52','2025-02-06 12:39:52'),(27,7,'Business7','Description of Business 7',7,'Address 7','9876543007','www.business7.com','Mon-Sun 9AM-9PM','logo7.jpg',0,0.67,'2025-02-06 12:39:52','2025-02-06 12:39:52'),(28,8,'Business8','Description of Business 8',8,'Address 8','9876543008','www.business8.com','Mon-Sun 9AM-9PM','logo8.jpg',0,1.37,'2025-02-06 12:39:52','2025-02-06 12:39:52'),(29,9,'Business9','Description of Business 9',9,'Address 9','9876543009','www.business9.com','Mon-Sun 9AM-9PM','logo9.jpg',0,4.83,'2025-02-06 12:39:52','2025-02-06 12:39:52'),(30,10,'Business10','Description of Business 10',10,'Address 10','9876543010','www.business10.com','Mon-Sun 9AM-9PM','logo10.jpg',0,0.07,'2025-02-06 12:39:52','2025-02-06 12:39:52'),(31,11,'Business11','Description of Business 11',11,'Address 11','9876543011','www.business11.com','Mon-Sun 9AM-9PM','logo11.jpg',0,0.86,'2025-02-06 12:39:52','2025-02-06 12:39:52'),(32,12,'Business12','Description of Business 12',12,'Address 12','9876543012','www.business12.com','Mon-Sun 9AM-9PM','logo12.jpg',0,4.08,'2025-02-06 12:39:52','2025-02-06 12:39:52'),(33,13,'Business13','Description of Business 13',13,'Address 13','9876543013','www.business13.com','Mon-Sun 9AM-9PM','logo13.jpg',0,2.86,'2025-02-06 12:39:52','2025-02-06 12:39:52'),(34,14,'Business14','Description of Business 14',14,'Address 14','9876543014','www.business14.com','Mon-Sun 9AM-9PM','logo14.jpg',0,2.07,'2025-02-06 12:39:52','2025-02-06 12:39:52'),(35,15,'Business15','Description of Business 15',15,'Address 15','9876543015','www.business15.com','Mon-Sun 9AM-9PM','logo15.jpg',0,1.76,'2025-02-06 12:39:52','2025-02-06 12:39:52'),(36,16,'Business16','Description of Business 16',16,'Address 16','9876543016','www.business16.com','Mon-Sun 9AM-9PM','logo16.jpg',0,2.58,'2025-02-06 12:39:52','2025-02-06 12:39:52'),(37,17,'Business17','Description of Business 17',17,'Address 17','9876543017','www.business17.com','Mon-Sun 9AM-9PM','logo17.jpg',0,2.63,'2025-02-06 12:39:52','2025-02-06 12:39:52'),(38,18,'Business18','Description of Business 18',18,'Address 18','9876543018','www.business18.com','Mon-Sun 9AM-9PM','logo18.jpg',0,0.43,'2025-02-06 12:39:52','2025-02-06 12:39:52'),(39,19,'Business19','Description of Business 19',19,'Address 19','9876543019','www.business19.com','Mon-Sun 9AM-9PM','logo19.jpg',0,4.25,'2025-02-06 12:39:52','2025-02-06 12:39:52'),(40,20,'Business20','Description of Business 20',20,'Address 20','9876543020','www.business20.com','Mon-Sun 9AM-9PM','logo20.jpg',0,4.99,'2025-02-06 12:39:52','2025-02-06 12:39:52');
/*!40000 ALTER TABLE `Businesses` ENABLE KEYS */;
UNLOCK TABLES;

--
-- Table structure for table `Categories`
--

DROP TABLE IF EXISTS `Categories`;
/*!40101 SET @saved_cs_client     = @@character_set_client */;
/*!50503 SET character_set_client = utf8mb4 */;
CREATE TABLE `Categories` (
  `Category_ID` int NOT NULL AUTO_INCREMENT,
  `Name` varchar(255) NOT NULL,
  `Description` text NOT NULL,
  `Created_At` datetime NOT NULL DEFAULT CURRENT_TIMESTAMP,
  `Updated_At` datetime NOT NULL DEFAULT CURRENT_TIMESTAMP ON UPDATE CURRENT_TIMESTAMP,
  PRIMARY KEY (`Category_ID`)
) ENGINE=InnoDB AUTO_INCREMENT=141 DEFAULT CHARSET=utf8mb4 COLLATE=utf8mb4_0900_ai_ci;
/*!40101 SET character_set_client = @saved_cs_client */;

--
-- Dumping data for table `Categories`
--

LOCK TABLES `Categories` WRITE;
/*!40000 ALTER TABLE `Categories` DISABLE KEYS */;
INSERT INTO `Categories` VALUES (1,'Category1','Description for category 1','2025-02-06 11:59:35','2025-02-06 11:59:35'),(2,'Category2','Description for category 2','2025-02-06 11:59:35','2025-02-06 11:59:35'),(3,'Category3','Description for category 3','2025-02-06 11:59:35','2025-02-06 11:59:35'),(4,'Category4','Description for category 4','2025-02-06 11:59:35','2025-02-06 11:59:35'),(5,'Category5','Description for category 5','2025-02-06 11:59:35','2025-02-06 11:59:35'),(6,'Category6','Description for category 6','2025-02-06 11:59:35','2025-02-06 11:59:35'),(7,'Category7','Description for category 7','2025-02-06 11:59:35','2025-02-06 11:59:35'),(8,'Category8','Description for category 8','2025-02-06 11:59:35','2025-02-06 11:59:35'),(9,'Category9','Description for category 9','2025-02-06 11:59:35','2025-02-06 11:59:35'),(10,'Category10','Description for category 10','2025-02-06 11:59:35','2025-02-06 11:59:35'),(11,'Category11','Description for category 11','2025-02-06 11:59:35','2025-02-06 11:59:35'),(12,'Category12','Description for category 12','2025-02-06 11:59:35','2025-02-06 11:59:35'),(13,'Category13','Description for category 13','2025-02-06 11:59:35','2025-02-06 11:59:35'),(14,'Category14','Description for category 14','2025-02-06 11:59:35','2025-02-06 11:59:35'),(15,'Category15','Description for category 15','2025-02-06 11:59:35','2025-02-06 11:59:35'),(16,'Category16','Description for category 16','2025-02-06 11:59:35','2025-02-06 11:59:35'),(17,'Category17','Description for category 17','2025-02-06 11:59:35','2025-02-06 11:59:35'),(18,'Category18','Description for category 18','2025-02-06 11:59:35','2025-02-06 11:59:35'),(19,'Category19','Description for category 19','2025-02-06 11:59:35','2025-02-06 11:59:35'),(20,'Category20','Description for category 20','2025-02-06 11:59:35','2025-02-06 11:59:35'),(21,'Category1','Description for category 1','2025-02-06 11:59:37','2025-02-06 11:59:37'),(22,'Category2','Description for category 2','2025-02-06 11:59:37','2025-02-06 11:59:37'),(23,'Category3','Description for category 3','2025-02-06 11:59:37','2025-02-06 11:59:37'),(24,'Category4','Description for category 4','2025-02-06 11:59:37','2025-02-06 11:59:37'),(25,'Category5','Description for category 5','2025-02-06 11:59:37','2025-02-06 11:59:37'),(26,'Category6','Description for category 6','2025-02-06 11:59:37','2025-02-06 11:59:37'),(27,'Category7','Description for category 7','2025-02-06 11:59:37','2025-02-06 11:59:37'),(28,'Category8','Description for category 8','2025-02-06 11:59:37','2025-02-06 11:59:37'),(29,'Category9','Description for category 9','2025-02-06 11:59:37','2025-02-06 11:59:37'),(30,'Category10','Description for category 10','2025-02-06 11:59:37','2025-02-06 11:59:37'),(31,'Category11','Description for category 11','2025-02-06 11:59:37','2025-02-06 11:59:37'),(32,'Category12','Description for category 12','2025-02-06 11:59:37','2025-02-06 11:59:37'),(33,'Category13','Description for category 13','2025-02-06 11:59:37','2025-02-06 11:59:37'),(34,'Category14','Description for category 14','2025-02-06 11:59:37','2025-02-06 11:59:37'),(35,'Category15','Description for category 15','2025-02-06 11:59:37','2025-02-06 11:59:37'),(36,'Category16','Description for category 16','2025-02-06 11:59:37','2025-02-06 11:59:37'),(37,'Category17','Description for category 17','2025-02-06 11:59:37','2025-02-06 11:59:37'),(38,'Category18','Description for category 18','2025-02-06 11:59:37','2025-02-06 11:59:37'),(39,'Category19','Description for category 19','2025-02-06 11:59:37','2025-02-06 11:59:37'),(40,'Category20','Description for category 20','2025-02-06 11:59:37','2025-02-06 11:59:37'),(41,'Category1','Description for category 1','2025-02-06 12:07:06','2025-02-06 12:07:06'),(42,'Category2','Description for category 2','2025-02-06 12:07:06','2025-02-06 12:07:06'),(43,'Category3','Description for category 3','2025-02-06 12:07:06','2025-02-06 12:07:06'),(44,'Category4','Description for category 4','2025-02-06 12:07:06','2025-02-06 12:07:06'),(45,'Category5','Description for category 5','2025-02-06 12:07:06','2025-02-06 12:07:06'),(46,'Category6','Description for category 6','2025-02-06 12:07:06','2025-02-06 12:07:06'),(47,'Category7','Description for category 7','2025-02-06 12:07:06','2025-02-06 12:07:06'),(48,'Category8','Description for category 8','2025-02-06 12:07:06','2025-02-06 12:07:06'),(49,'Category9','Description for category 9','2025-02-06 12:07:06','2025-02-06 12:07:06'),(50,'Category10','Description for category 10','2025-02-06 12:07:06','2025-02-06 12:07:06'),(51,'Category11','Description for category 11','2025-02-06 12:07:06','2025-02-06 12:07:06'),(52,'Category12','Description for category 12','2025-02-06 12:07:06','2025-02-06 12:07:06'),(53,'Category13','Description for category 13','2025-02-06 12:07:06','2025-02-06 12:07:06'),(54,'Category14','Description for category 14','2025-02-06 12:07:06','2025-02-06 12:07:06'),(55,'Category15','Description for category 15','2025-02-06 12:07:06','2025-02-06 12:07:06'),(56,'Category16','Description for category 16','2025-02-06 12:07:06','2025-02-06 12:07:06'),(57,'Category17','Description for category 17','2025-02-06 12:07:06','2025-02-06 12:07:06'),(58,'Category18','Description for category 18','2025-02-06 12:07:06','2025-02-06 12:07:06'),(59,'Category19','Description for category 19','2025-02-06 12:07:06','2025-02-06 12:07:06'),(60,'Category20','Description for category 20','2025-02-06 12:07:06','2025-02-06 12:07:06'),(61,'Category1','Description for category 1','2025-02-06 12:07:21','2025-02-06 12:07:21'),(62,'Category2','Description for category 2','2025-02-06 12:07:21','2025-02-06 12:07:21'),(63,'Category3','Description for category 3','2025-02-06 12:07:21','2025-02-06 12:07:21'),(64,'Category4','Description for category 4','2025-02-06 12:07:21','2025-02-06 12:07:21'),(65,'Category5','Description for category 5','2025-02-06 12:07:21','2025-02-06 12:07:21'),(66,'Category6','Description for category 6','2025-02-06 12:07:21','2025-02-06 12:07:21'),(67,'Category7','Description for category 7','2025-02-06 12:07:21','2025-02-06 12:07:21'),(68,'Category8','Description for category 8','2025-02-06 12:07:21','2025-02-06 12:07:21'),(69,'Category9','Description for category 9','2025-02-06 12:07:21','2025-02-06 12:07:21'),(70,'Category10','Description for category 10','2025-02-06 12:07:21','2025-02-06 12:07:21'),(71,'Category11','Description for category 11','2025-02-06 12:07:21','2025-02-06 12:07:21'),(72,'Category12','Description for category 12','2025-02-06 12:07:21','2025-02-06 12:07:21'),(73,'Category13','Description for category 13','2025-02-06 12:07:21','2025-02-06 12:07:21'),(74,'Category14','Description for category 14','2025-02-06 12:07:21','2025-02-06 12:07:21'),(75,'Category15','Description for category 15','2025-02-06 12:07:21','2025-02-06 12:07:21'),(76,'Category16','Description for category 16','2025-02-06 12:07:21','2025-02-06 12:07:21'),(77,'Category17','Description for category 17','2025-02-06 12:07:21','2025-02-06 12:07:21'),(78,'Category18','Description for category 18','2025-02-06 12:07:21','2025-02-06 12:07:21'),(79,'Category19','Description for category 19','2025-02-06 12:07:21','2025-02-06 12:07:21'),(80,'Category20','Description for category 20','2025-02-06 12:07:21','2025-02-06 12:07:21'),(81,'Category1','Description for category 1','2025-02-06 12:18:50','2025-02-06 12:18:50'),(82,'Category2','Description for category 2','2025-02-06 12:18:51','2025-02-06 12:18:51'),(83,'Category3','Description for category 3','2025-02-06 12:18:51','2025-02-06 12:18:51'),(84,'Category4','Description for category 4','2025-02-06 12:18:51','2025-02-06 12:18:51'),(85,'Category5','Description for category 5','2025-02-06 12:18:51','2025-02-06 12:18:51'),(86,'Category6','Description for category 6','2025-02-06 12:18:51','2025-02-06 12:18:51'),(87,'Category7','Description for category 7','2025-02-06 12:18:51','2025-02-06 12:18:51'),(88,'Category8','Description for category 8','2025-02-06 12:18:51','2025-02-06 12:18:51'),(89,'Category9','Description for category 9','2025-02-06 12:18:51','2025-02-06 12:18:51'),(90,'Category10','Description for category 10','2025-02-06 12:18:51','2025-02-06 12:18:51'),(91,'Category11','Description for category 11','2025-02-06 12:18:51','2025-02-06 12:18:51'),(92,'Category12','Description for category 12','2025-02-06 12:18:51','2025-02-06 12:18:51'),(93,'Category13','Description for category 13','2025-02-06 12:18:51','2025-02-06 12:18:51'),(94,'Category14','Description for category 14','2025-02-06 12:18:51','2025-02-06 12:18:51'),(95,'Category15','Description for category 15','2025-02-06 12:18:51','2025-02-06 12:18:51'),(96,'Category16','Description for category 16','2025-02-06 12:18:51','2025-02-06 12:18:51'),(97,'Category17','Description for category 17','2025-02-06 12:18:51','2025-02-06 12:18:51'),(98,'Category18','Description for category 18','2025-02-06 12:18:51','2025-02-06 12:18:51'),(99,'Category19','Description for category 19','2025-02-06 12:18:51','2025-02-06 12:18:51'),(100,'Category20','Description for category 20','2025-02-06 12:18:51','2025-02-06 12:18:51'),(101,'Category1','Description for category 1','2025-02-06 12:36:40','2025-02-06 12:36:40'),(102,'Category2','Description for category 2','2025-02-06 12:36:40','2025-02-06 12:36:40'),(103,'Category3','Description for category 3','2025-02-06 12:36:40','2025-02-06 12:36:40'),(104,'Category4','Description for category 4','2025-02-06 12:36:40','2025-02-06 12:36:40'),(105,'Category5','Description for category 5','2025-02-06 12:36:40','2025-02-06 12:36:40'),(106,'Category6','Description for category 6','2025-02-06 12:36:40','2025-02-06 12:36:40'),(107,'Category7','Description for category 7','2025-02-06 12:36:40','2025-02-06 12:36:40'),(108,'Category8','Description for category 8','2025-02-06 12:36:40','2025-02-06 12:36:40'),(109,'Category9','Description for category 9','2025-02-06 12:36:40','2025-02-06 12:36:40'),(110,'Category10','Description for category 10','2025-02-06 12:36:40','2025-02-06 12:36:40'),(111,'Category11','Description for category 11','2025-02-06 12:36:40','2025-02-06 12:36:40'),(112,'Category12','Description for category 12','2025-02-06 12:36:40','2025-02-06 12:36:40'),(113,'Category13','Description for category 13','2025-02-06 12:36:40','2025-02-06 12:36:40'),(114,'Category14','Description for category 14','2025-02-06 12:36:40','2025-02-06 12:36:40'),(115,'Category15','Description for category 15','2025-02-06 12:36:40','2025-02-06 12:36:40'),(116,'Category16','Description for category 16','2025-02-06 12:36:40','2025-02-06 12:36:40'),(117,'Category17','Description for category 17','2025-02-06 12:36:40','2025-02-06 12:36:40'),(118,'Category18','Description for category 18','2025-02-06 12:36:40','2025-02-06 12:36:40'),(119,'Category19','Description for category 19','2025-02-06 12:36:40','2025-02-06 12:36:40'),(120,'Category20','Description for category 20','2025-02-06 12:36:40','2025-02-06 12:36:40'),(121,'Category1','Description for category 1','2025-02-06 12:39:51','2025-02-06 12:39:51'),(122,'Category2','Description for category 2','2025-02-06 12:39:52','2025-02-06 12:39:52'),(123,'Category3','Description for category 3','2025-02-06 12:39:52','2025-02-06 12:39:52'),(124,'Category4','Description for category 4','2025-02-06 12:39:52','2025-02-06 12:39:52'),(125,'Category5','Description for category 5','2025-02-06 12:39:52','2025-02-06 12:39:52'),(126,'Category6','Description for category 6','2025-02-06 12:39:52','2025-02-06 12:39:52'),(127,'Category7','Description for category 7','2025-02-06 12:39:52','2025-02-06 12:39:52'),(128,'Category8','Description for category 8','2025-02-06 12:39:52','2025-02-06 12:39:52'),(129,'Category9','Description for category 9','2025-02-06 12:39:52','2025-02-06 12:39:52'),(130,'Category10','Description for category 10','2025-02-06 12:39:52','2025-02-06 12:39:52'),(131,'Category11','Description for category 11','2025-02-06 12:39:52','2025-02-06 12:39:52'),(132,'Category12','Description for category 12','2025-02-06 12:39:52','2025-02-06 12:39:52'),(133,'Category13','Description for category 13','2025-02-06 12:39:52','2025-02-06 12:39:52'),(134,'Category14','Description for category 14','2025-02-06 12:39:52','2025-02-06 12:39:52'),(135,'Category15','Description for category 15','2025-02-06 12:39:52','2025-02-06 12:39:52'),(136,'Category16','Description for category 16','2025-02-06 12:39:52','2025-02-06 12:39:52'),(137,'Category17','Description for category 17','2025-02-06 12:39:52','2025-02-06 12:39:52'),(138,'Category18','Description for category 18','2025-02-06 12:39:52','2025-02-06 12:39:52'),(139,'Category19','Description for category 19','2025-02-06 12:39:52','2025-02-06 12:39:52'),(140,'Category20','Description for category 20','2025-02-06 12:39:52','2025-02-06 12:39:52');
/*!40000 ALTER TABLE `Categories` ENABLE KEYS */;
UNLOCK TABLES;

--
-- Table structure for table `Reviews`
--

DROP TABLE IF EXISTS `Reviews`;
/*!40101 SET @saved_cs_client     = @@character_set_client */;
/*!50503 SET character_set_client = utf8mb4 */;
CREATE TABLE `Reviews` (
  `Review_ID` int NOT NULL AUTO_INCREMENT,
  `Business_ID` int NOT NULL,
  `User_ID` int NOT NULL,
  `Rating` decimal(3,2) NOT NULL,
  `Review_text` text NOT NULL,
  `Created_At` datetime NOT NULL DEFAULT CURRENT_TIMESTAMP,
  `Updated_At` datetime NOT NULL DEFAULT CURRENT_TIMESTAMP ON UPDATE CURRENT_TIMESTAMP,
  PRIMARY KEY (`Review_ID`),
  KEY `fk_Reviews_Business_ID` (`Business_ID`),
  KEY `fk_Reviews_User_ID` (`User_ID`),
  CONSTRAINT `fk_Reviews_User_ID` FOREIGN KEY (`User_ID`) REFERENCES `Users` (`UserID`),
  CONSTRAINT `reviews_chk_1` CHECK ((`Rating` between 0 and 5))
) ENGINE=InnoDB AUTO_INCREMENT=21 DEFAULT CHARSET=utf8mb4 COLLATE=utf8mb4_0900_ai_ci;
/*!40101 SET character_set_client = @saved_cs_client */;

--
-- Dumping data for table `Reviews`
--

LOCK TABLES `Reviews` WRITE;
/*!40000 ALTER TABLE `Reviews` DISABLE KEYS */;
INSERT INTO `Reviews` VALUES (1,1,1,2.21,'Review for business 1','2025-02-06 12:39:52','2025-02-06 12:39:52'),(2,2,2,1.08,'Review for business 2','2025-02-06 12:39:52','2025-02-06 12:39:52'),(3,3,3,3.74,'Review for business 3','2025-02-06 12:39:52','2025-02-06 12:39:52'),(4,4,4,0.51,'Review for business 4','2025-02-06 12:39:52','2025-02-06 12:39:52'),(5,5,5,1.32,'Review for business 5','2025-02-06 12:39:52','2025-02-06 12:39:52'),(6,6,6,0.05,'Review for business 6','2025-02-06 12:39:52','2025-02-06 12:39:52'),(7,7,7,1.30,'Review for business 7','2025-02-06 12:39:52','2025-02-06 12:39:52'),(8,8,8,1.35,'Review for business 8','2025-02-06 12:39:52','2025-02-06 12:39:52'),(9,9,9,2.86,'Review for business 9','2025-02-06 12:39:52','2025-02-06 12:39:52'),(10,10,10,0.24,'Review for business 10','2025-02-06 12:39:52','2025-02-06 12:39:52'),(11,11,11,2.64,'Review for business 11','2025-02-06 12:39:52','2025-02-06 12:39:52'),(12,12,12,2.47,'Review for business 12','2025-02-06 12:39:52','2025-02-06 12:39:52'),(13,13,13,4.45,'Review for business 13','2025-02-06 12:39:52','2025-02-06 12:39:52'),(14,14,14,4.87,'Review for business 14','2025-02-06 12:39:52','2025-02-06 12:39:52'),(15,15,15,0.99,'Review for business 15','2025-02-06 12:39:52','2025-02-06 12:39:52'),(16,16,16,0.35,'Review for business 16','2025-02-06 12:39:52','2025-02-06 12:39:52'),(17,17,17,3.75,'Review for business 17','2025-02-06 12:39:52','2025-02-06 12:39:52'),(18,18,18,2.73,'Review for business 18','2025-02-06 12:39:52','2025-02-06 12:39:52'),(19,19,19,2.39,'Review for business 19','2025-02-06 12:39:52','2025-02-06 12:39:52'),(20,20,20,3.79,'Review for business 20','2025-02-06 12:39:52','2025-02-06 12:39:52');
/*!40000 ALTER TABLE `Reviews` ENABLE KEYS */;
UNLOCK TABLES;

--
-- Table structure for table `Tags`
--

DROP TABLE IF EXISTS `Tags`;
/*!40101 SET @saved_cs_client     = @@character_set_client */;
/*!50503 SET character_set_client = utf8mb4 */;
CREATE TABLE `Tags` (
  `Tag_ID` int NOT NULL AUTO_INCREMENT,
  `Name` varchar(255) NOT NULL,
  `Description` text,
  `Created_At` datetime NOT NULL DEFAULT CURRENT_TIMESTAMP,
  `Updated_At` datetime NOT NULL DEFAULT CURRENT_TIMESTAMP ON UPDATE CURRENT_TIMESTAMP,
  PRIMARY KEY (`Tag_ID`),
  UNIQUE KEY `Name` (`Name`)
) ENGINE=InnoDB AUTO_INCREMENT=21 DEFAULT CHARSET=utf8mb4 COLLATE=utf8mb4_0900_ai_ci;
/*!40101 SET character_set_client = @saved_cs_client */;

--
-- Dumping data for table `Tags`
--

LOCK TABLES `Tags` WRITE;
/*!40000 ALTER TABLE `Tags` DISABLE KEYS */;
INSERT INTO `Tags` VALUES (1,'Restaurant','Description for tag 1','2025-02-06 12:39:52','2025-02-06 12:46:33'),(2,'Tech','Description for tag 2','2025-02-06 12:39:52','2025-02-06 12:46:33'),(3,'Service','Description for tag 3','2025-02-06 12:39:52','2025-02-06 12:46:33'),(4,'Retail','Description for tag 4','2025-02-06 12:39:52','2025-02-06 12:46:33'),(5,'Education','Description for tag 5','2025-02-06 12:39:52','2025-02-06 12:46:33'),(6,'Health & Wellness','Description for tag 6','2025-02-06 12:39:52','2025-02-06 12:46:33'),(7,'Finance','Description for tag 7','2025-02-06 12:39:52','2025-02-06 12:46:33'),(8,'Hospitality','Description for tag 8','2025-02-06 12:39:52','2025-02-06 12:46:33'),(9,'Real Estate','Description for tag 9','2025-02-06 12:39:52','2025-02-06 12:46:33'),(10,'Entertainment','Description for tag 10','2025-02-06 12:39:52','2025-02-06 12:46:33'),(11,'Legal','Description for tag 11','2025-02-06 12:39:52','2025-02-06 12:46:33'),(12,'Marketing','Description for tag 12','2025-02-06 12:39:52','2025-02-06 12:46:33'),(13,'Consulting','Description for tag 13','2025-02-06 12:39:52','2025-02-06 12:46:33'),(14,'Automotive','Description for tag 14','2025-02-06 12:39:52','2025-02-06 12:46:33'),(15,'Fashion','Description for tag 15','2025-02-06 12:39:52','2025-02-06 12:46:33'),(16,'Home Improvement','Description for tag 16','2025-02-06 12:39:52','2025-02-06 12:46:33'),(17,'Event Planning','Description for tag 17','2025-02-06 12:39:52','2025-02-06 12:46:33'),(18,'Sports & Fitness','Description for tag 18','2025-02-06 12:39:52','2025-02-06 12:46:33'),(19,'Nonprofit','Description for tag 19','2025-02-06 12:39:52','2025-02-06 12:46:33'),(20,'Beauty & Personal Care','Description for tag 20','2025-02-06 12:39:52','2025-02-06 12:46:33');
/*!40000 ALTER TABLE `Tags` ENABLE KEYS */;
UNLOCK TABLES;

--
-- Table structure for table `Users`
--

DROP TABLE IF EXISTS `Users`;
/*!40101 SET @saved_cs_client     = @@character_set_client */;
/*!50503 SET character_set_client = utf8mb4 */;
CREATE TABLE `Users` (
  `UserID` int NOT NULL AUTO_INCREMENT,
  `First_Name` varchar(255) NOT NULL,
  `Last_Name` varchar(255) NOT NULL,
  `Email` varchar(255) DEFAULT NULL,
  `Password_Hash` varchar(255) DEFAULT NULL,
  `Phone_Number` varchar(15) NOT NULL,
  `User_Type` enum('Admin','User') NOT NULL,
  `Profile_Picture` varchar(255) NOT NULL,
  `Created_At` datetime NOT NULL DEFAULT CURRENT_TIMESTAMP,
  `Updated_At` datetime NOT NULL DEFAULT CURRENT_TIMESTAMP ON UPDATE CURRENT_TIMESTAMP,
  PRIMARY KEY (`UserID`),
  KEY `idx_Users_First_Name` (`First_Name`)
) ENGINE=InnoDB AUTO_INCREMENT=161 DEFAULT CHARSET=utf8mb4 COLLATE=utf8mb4_0900_ai_ci;
/*!40101 SET character_set_client = @saved_cs_client */;

--
-- Dumping data for table `Users`
--

LOCK TABLES `Users` WRITE;
/*!40000 ALTER TABLE `Users` DISABLE KEYS */;
INSERT INTO `Users` VALUES (1,'First1','Last1','user1@example.com',NULL,'1234567001','User','profile1.jpg','2025-02-04 09:33:46','2025-02-04 09:33:46'),(2,'First2','Last2','user2@example.com',NULL,'1234567002','Admin','profile2.jpg','2025-02-04 09:33:46','2025-02-04 09:33:46'),(3,'First3','Last3','user3@example.com',NULL,'1234567003','User','profile3.jpg','2025-02-04 09:33:46','2025-02-04 09:33:46'),(4,'First4','Last4','user4@example.com',NULL,'1234567004','Admin','profile4.jpg','2025-02-04 09:33:46','2025-02-04 09:33:46'),(5,'First5','Last5','user5@example.com',NULL,'1234567005','User','profile5.jpg','2025-02-04 09:33:46','2025-02-04 09:33:46'),(6,'First6','Last6','user6@example.com',NULL,'1234567006','Admin','profile6.jpg','2025-02-04 09:33:46','2025-02-04 09:33:46'),(7,'First7','Last7','user7@example.com',NULL,'1234567007','User','profile7.jpg','2025-02-04 09:33:46','2025-02-04 09:33:46'),(8,'First8','Last8','user8@example.com',NULL,'1234567008','Admin','profile8.jpg','2025-02-04 09:33:46','2025-02-04 09:33:46'),(9,'First9','Last9','user9@example.com',NULL,'1234567009','User','profile9.jpg','2025-02-04 09:33:46','2025-02-04 09:33:46'),(10,'First10','Last10','user10@example.com',NULL,'1234567010','Admin','profile10.jpg','2025-02-04 09:33:46','2025-02-04 09:33:46'),(11,'First11','Last11','user11@example.com',NULL,'1234567011','User','profile11.jpg','2025-02-04 09:33:46','2025-02-04 09:33:46'),(12,'First12','Last12','user12@example.com',NULL,'1234567012','Admin','profile12.jpg','2025-02-04 09:33:46','2025-02-04 09:33:46'),(13,'First13','Last13','user13@example.com',NULL,'1234567013','User','profile13.jpg','2025-02-04 09:33:46','2025-02-04 09:33:46'),(14,'First14','Last14','user14@example.com',NULL,'1234567014','Admin','profile14.jpg','2025-02-04 09:33:46','2025-02-04 09:33:46'),(15,'First15','Last15','user15@example.com',NULL,'1234567015','User','profile15.jpg','2025-02-04 09:33:46','2025-02-04 09:33:46'),(16,'First16','Last16','user16@example.com',NULL,'1234567016','Admin','profile16.jpg','2025-02-04 09:33:46','2025-02-04 09:33:46'),(17,'First17','Last17','user17@example.com',NULL,'1234567017','User','profile17.jpg','2025-02-04 09:33:46','2025-02-04 09:33:46'),(18,'First18','Last18','user18@example.com',NULL,'1234567018','Admin','profile18.jpg','2025-02-04 09:33:46','2025-02-04 09:33:46'),(19,'First19','Last19','user19@example.com',NULL,'1234567019','User','profile19.jpg','2025-02-04 09:33:46','2025-02-04 09:33:46'),(20,'First20','Last20','user20@example.com',NULL,'1234567020','Admin','profile20.jpg','2025-02-04 09:33:46','2025-02-04 09:33:46'),(21,'First1','Last1','user1@example.com',NULL,'1234567001','User','profile1.jpg','2025-02-06 11:59:35','2025-02-06 11:59:35'),(22,'First2','Last2','user2@example.com',NULL,'1234567002','Admin','profile2.jpg','2025-02-06 11:59:35','2025-02-06 11:59:35'),(23,'First3','Last3','user3@example.com',NULL,'1234567003','User','profile3.jpg','2025-02-06 11:59:35','2025-02-06 11:59:35'),(24,'First4','Last4','user4@example.com',NULL,'1234567004','Admin','profile4.jpg','2025-02-06 11:59:35','2025-02-06 11:59:35'),(25,'First5','Last5','user5@example.com',NULL,'1234567005','User','profile5.jpg','2025-02-06 11:59:35','2025-02-06 11:59:35'),(26,'First6','Last6','user6@example.com',NULL,'1234567006','Admin','profile6.jpg','2025-02-06 11:59:35','2025-02-06 11:59:35'),(27,'First7','Last7','user7@example.com',NULL,'1234567007','User','profile7.jpg','2025-02-06 11:59:35','2025-02-06 11:59:35'),(28,'First8','Last8','user8@example.com',NULL,'1234567008','Admin','profile8.jpg','2025-02-06 11:59:35','2025-02-06 11:59:35'),(29,'First9','Last9','user9@example.com',NULL,'1234567009','User','profile9.jpg','2025-02-06 11:59:35','2025-02-06 11:59:35'),(30,'First10','Last10','user10@example.com',NULL,'1234567010','Admin','profile10.jpg','2025-02-06 11:59:35','2025-02-06 11:59:35'),(31,'First11','Last11','user11@example.com',NULL,'1234567011','User','profile11.jpg','2025-02-06 11:59:35','2025-02-06 11:59:35'),(32,'First12','Last12','user12@example.com',NULL,'1234567012','Admin','profile12.jpg','2025-02-06 11:59:35','2025-02-06 11:59:35'),(33,'First13','Last13','user13@example.com',NULL,'1234567013','User','profile13.jpg','2025-02-06 11:59:35','2025-02-06 11:59:35'),(34,'First14','Last14','user14@example.com',NULL,'1234567014','Admin','profile14.jpg','2025-02-06 11:59:35','2025-02-06 11:59:35'),(35,'First15','Last15','user15@example.com',NULL,'1234567015','User','profile15.jpg','2025-02-06 11:59:35','2025-02-06 11:59:35'),(36,'First16','Last16','user16@example.com',NULL,'1234567016','Admin','profile16.jpg','2025-02-06 11:59:35','2025-02-06 11:59:35'),(37,'First17','Last17','user17@example.com',NULL,'1234567017','User','profile17.jpg','2025-02-06 11:59:35','2025-02-06 11:59:35'),(38,'First18','Last18','user18@example.com',NULL,'1234567018','Admin','profile18.jpg','2025-02-06 11:59:35','2025-02-06 11:59:35'),(39,'First19','Last19','user19@example.com',NULL,'1234567019','User','profile19.jpg','2025-02-06 11:59:35','2025-02-06 11:59:35'),(40,'First20','Last20','user20@example.com',NULL,'1234567020','Admin','profile20.jpg','2025-02-06 11:59:35','2025-02-06 11:59:35'),(41,'First1','Last1','user1@example.com',NULL,'1234567001','User','profile1.jpg','2025-02-06 11:59:37','2025-02-06 11:59:37'),(42,'First2','Last2','user2@example.com',NULL,'1234567002','Admin','profile2.jpg','2025-02-06 11:59:37','2025-02-06 11:59:37'),(43,'First3','Last3','user3@example.com',NULL,'1234567003','User','profile3.jpg','2025-02-06 11:59:37','2025-02-06 11:59:37'),(44,'First4','Last4','user4@example.com',NULL,'1234567004','Admin','profile4.jpg','2025-02-06 11:59:37','2025-02-06 11:59:37'),(45,'First5','Last5','user5@example.com',NULL,'1234567005','User','profile5.jpg','2025-02-06 11:59:37','2025-02-06 11:59:37'),(46,'First6','Last6','user6@example.com',NULL,'1234567006','Admin','profile6.jpg','2025-02-06 11:59:37','2025-02-06 11:59:37'),(47,'First7','Last7','user7@example.com',NULL,'1234567007','User','profile7.jpg','2025-02-06 11:59:37','2025-02-06 11:59:37'),(48,'First8','Last8','user8@example.com',NULL,'1234567008','Admin','profile8.jpg','2025-02-06 11:59:37','2025-02-06 11:59:37'),(49,'First9','Last9','user9@example.com',NULL,'1234567009','User','profile9.jpg','2025-02-06 11:59:37','2025-02-06 11:59:37'),(50,'First10','Last10','user10@example.com',NULL,'1234567010','Admin','profile10.jpg','2025-02-06 11:59:37','2025-02-06 11:59:37'),(51,'First11','Last11','user11@example.com',NULL,'1234567011','User','profile11.jpg','2025-02-06 11:59:37','2025-02-06 11:59:37'),(52,'First12','Last12','user12@example.com',NULL,'1234567012','Admin','profile12.jpg','2025-02-06 11:59:37','2025-02-06 11:59:37'),(53,'First13','Last13','user13@example.com',NULL,'1234567013','User','profile13.jpg','2025-02-06 11:59:37','2025-02-06 11:59:37'),(54,'First14','Last14','user14@example.com',NULL,'1234567014','Admin','profile14.jpg','2025-02-06 11:59:37','2025-02-06 11:59:37'),(55,'First15','Last15','user15@example.com',NULL,'1234567015','User','profile15.jpg','2025-02-06 11:59:37','2025-02-06 11:59:37'),(56,'First16','Last16','user16@example.com',NULL,'1234567016','Admin','profile16.jpg','2025-02-06 11:59:37','2025-02-06 11:59:37'),(57,'First17','Last17','user17@example.com',NULL,'1234567017','User','profile17.jpg','2025-02-06 11:59:37','2025-02-06 11:59:37'),(58,'First18','Last18','user18@example.com',NULL,'1234567018','Admin','profile18.jpg','2025-02-06 11:59:37','2025-02-06 11:59:37'),(59,'First19','Last19','user19@example.com',NULL,'1234567019','User','profile19.jpg','2025-02-06 11:59:37','2025-02-06 11:59:37'),(60,'First20','Last20','user20@example.com',NULL,'1234567020','Admin','profile20.jpg','2025-02-06 11:59:37','2025-02-06 11:59:37'),(61,'First1','Last1','user1@example.com',NULL,'1234567001','User','profile1.jpg','2025-02-06 12:07:06','2025-02-06 12:07:06'),(62,'First2','Last2','user2@example.com',NULL,'1234567002','Admin','profile2.jpg','2025-02-06 12:07:06','2025-02-06 12:07:06'),(63,'First3','Last3','user3@example.com',NULL,'1234567003','User','profile3.jpg','2025-02-06 12:07:06','2025-02-06 12:07:06'),(64,'First4','Last4','user4@example.com',NULL,'1234567004','Admin','profile4.jpg','2025-02-06 12:07:06','2025-02-06 12:07:06'),(65,'First5','Last5','user5@example.com',NULL,'1234567005','User','profile5.jpg','2025-02-06 12:07:06','2025-02-06 12:07:06'),(66,'First6','Last6','user6@example.com',NULL,'1234567006','Admin','profile6.jpg','2025-02-06 12:07:06','2025-02-06 12:07:06'),(67,'First7','Last7','user7@example.com',NULL,'1234567007','User','profile7.jpg','2025-02-06 12:07:06','2025-02-06 12:07:06'),(68,'First8','Last8','user8@example.com',NULL,'1234567008','Admin','profile8.jpg','2025-02-06 12:07:06','2025-02-06 12:07:06'),(69,'First9','Last9','user9@example.com',NULL,'1234567009','User','profile9.jpg','2025-02-06 12:07:06','2025-02-06 12:07:06'),(70,'First10','Last10','user10@example.com',NULL,'1234567010','Admin','profile10.jpg','2025-02-06 12:07:06','2025-02-06 12:07:06'),(71,'First11','Last11','user11@example.com',NULL,'1234567011','User','profile11.jpg','2025-02-06 12:07:06','2025-02-06 12:07:06'),(72,'First12','Last12','user12@example.com',NULL,'1234567012','Admin','profile12.jpg','2025-02-06 12:07:06','2025-02-06 12:07:06'),(73,'First13','Last13','user13@example.com',NULL,'1234567013','User','profile13.jpg','2025-02-06 12:07:06','2025-02-06 12:07:06'),(74,'First14','Last14','user14@example.com',NULL,'1234567014','Admin','profile14.jpg','2025-02-06 12:07:06','2025-02-06 12:07:06'),(75,'First15','Last15','user15@example.com',NULL,'1234567015','User','profile15.jpg','2025-02-06 12:07:06','2025-02-06 12:07:06'),(76,'First16','Last16','user16@example.com',NULL,'1234567016','Admin','profile16.jpg','2025-02-06 12:07:06','2025-02-06 12:07:06'),(77,'First17','Last17','user17@example.com',NULL,'1234567017','User','profile17.jpg','2025-02-06 12:07:06','2025-02-06 12:07:06'),(78,'First18','Last18','user18@example.com',NULL,'1234567018','Admin','profile18.jpg','2025-02-06 12:07:06','2025-02-06 12:07:06'),(79,'First19','Last19','user19@example.com',NULL,'1234567019','User','profile19.jpg','2025-02-06 12:07:06','2025-02-06 12:07:06'),(80,'First20','Last20','user20@example.com',NULL,'1234567020','Admin','profile20.jpg','2025-02-06 12:07:06','2025-02-06 12:07:06'),(81,'First1','Last1','user1@example.com',NULL,'1234567001','User','profile1.jpg','2025-02-06 12:07:21','2025-02-06 12:07:21'),(82,'First2','Last2','user2@example.com',NULL,'1234567002','Admin','profile2.jpg','2025-02-06 12:07:21','2025-02-06 12:07:21'),(83,'First3','Last3','user3@example.com',NULL,'1234567003','User','profile3.jpg','2025-02-06 12:07:21','2025-02-06 12:07:21'),(84,'First4','Last4','user4@example.com',NULL,'1234567004','Admin','profile4.jpg','2025-02-06 12:07:21','2025-02-06 12:07:21'),(85,'First5','Last5','user5@example.com',NULL,'1234567005','User','profile5.jpg','2025-02-06 12:07:21','2025-02-06 12:07:21'),(86,'First6','Last6','user6@example.com',NULL,'1234567006','Admin','profile6.jpg','2025-02-06 12:07:21','2025-02-06 12:07:21'),(87,'First7','Last7','user7@example.com',NULL,'1234567007','User','profile7.jpg','2025-02-06 12:07:21','2025-02-06 12:07:21'),(88,'First8','Last8','user8@example.com',NULL,'1234567008','Admin','profile8.jpg','2025-02-06 12:07:21','2025-02-06 12:07:21'),(89,'First9','Last9','user9@example.com',NULL,'1234567009','User','profile9.jpg','2025-02-06 12:07:21','2025-02-06 12:07:21'),(90,'First10','Last10','user10@example.com',NULL,'1234567010','Admin','profile10.jpg','2025-02-06 12:07:21','2025-02-06 12:07:21'),(91,'First11','Last11','user11@example.com',NULL,'1234567011','User','profile11.jpg','2025-02-06 12:07:21','2025-02-06 12:07:21'),(92,'First12','Last12','user12@example.com',NULL,'1234567012','Admin','profile12.jpg','2025-02-06 12:07:21','2025-02-06 12:07:21'),(93,'First13','Last13','user13@example.com',NULL,'1234567013','User','profile13.jpg','2025-02-06 12:07:21','2025-02-06 12:07:21'),(94,'First14','Last14','user14@example.com',NULL,'1234567014','Admin','profile14.jpg','2025-02-06 12:07:21','2025-02-06 12:07:21'),(95,'First15','Last15','user15@example.com',NULL,'1234567015','User','profile15.jpg','2025-02-06 12:07:21','2025-02-06 12:07:21'),(96,'First16','Last16','user16@example.com',NULL,'1234567016','Admin','profile16.jpg','2025-02-06 12:07:21','2025-02-06 12:07:21'),(97,'First17','Last17','user17@example.com',NULL,'1234567017','User','profile17.jpg','2025-02-06 12:07:21','2025-02-06 12:07:21'),(98,'First18','Last18','user18@example.com',NULL,'1234567018','Admin','profile18.jpg','2025-02-06 12:07:21','2025-02-06 12:07:21'),(99,'First19','Last19','user19@example.com',NULL,'1234567019','User','profile19.jpg','2025-02-06 12:07:21','2025-02-06 12:07:21'),(100,'First20','Last20','user20@example.com',NULL,'1234567020','Admin','profile20.jpg','2025-02-06 12:07:21','2025-02-06 12:07:21'),(101,'First1','Last1','user1@example.com',NULL,'1234567001','User','profile1.jpg','2025-02-06 12:18:51','2025-02-06 12:18:51'),(102,'First2','Last2','user2@example.com',NULL,'1234567002','Admin','profile2.jpg','2025-02-06 12:18:51','2025-02-06 12:18:51'),(103,'First3','Last3','user3@example.com',NULL,'1234567003','User','profile3.jpg','2025-02-06 12:18:51','2025-02-06 12:18:51'),(104,'First4','Last4','user4@example.com',NULL,'1234567004','Admin','profile4.jpg','2025-02-06 12:18:51','2025-02-06 12:18:51'),(105,'First5','Last5','user5@example.com',NULL,'1234567005','User','profile5.jpg','2025-02-06 12:18:51','2025-02-06 12:18:51'),(106,'First6','Last6','user6@example.com',NULL,'1234567006','Admin','profile6.jpg','2025-02-06 12:18:51','2025-02-06 12:18:51'),(107,'First7','Last7','user7@example.com',NULL,'1234567007','User','profile7.jpg','2025-02-06 12:18:51','2025-02-06 12:18:51'),(108,'First8','Last8','user8@example.com',NULL,'1234567008','Admin','profile8.jpg','2025-02-06 12:18:51','2025-02-06 12:18:51'),(109,'First9','Last9','user9@example.com',NULL,'1234567009','User','profile9.jpg','2025-02-06 12:18:51','2025-02-06 12:18:51'),(110,'First10','Last10','user10@example.com',NULL,'1234567010','Admin','profile10.jpg','2025-02-06 12:18:51','2025-02-06 12:18:51'),(111,'First11','Last11','user11@example.com',NULL,'1234567011','User','profile11.jpg','2025-02-06 12:18:51','2025-02-06 12:18:51'),(112,'First12','Last12','user12@example.com',NULL,'1234567012','Admin','profile12.jpg','2025-02-06 12:18:51','2025-02-06 12:18:51'),(113,'First13','Last13','user13@example.com',NULL,'1234567013','User','profile13.jpg','2025-02-06 12:18:51','2025-02-06 12:18:51'),(114,'First14','Last14','user14@example.com',NULL,'1234567014','Admin','profile14.jpg','2025-02-06 12:18:51','2025-02-06 12:18:51'),(115,'First15','Last15','user15@example.com',NULL,'1234567015','User','profile15.jpg','2025-02-06 12:18:51','2025-02-06 12:18:51'),(116,'First16','Last16','user16@example.com',NULL,'1234567016','Admin','profile16.jpg','2025-02-06 12:18:51','2025-02-06 12:18:51'),(117,'First17','Last17','user17@example.com',NULL,'1234567017','User','profile17.jpg','2025-02-06 12:18:51','2025-02-06 12:18:51'),(118,'First18','Last18','user18@example.com',NULL,'1234567018','Admin','profile18.jpg','2025-02-06 12:18:51','2025-02-06 12:18:51'),(119,'First19','Last19','user19@example.com',NULL,'1234567019','User','profile19.jpg','2025-02-06 12:18:51','2025-02-06 12:18:51'),(120,'First20','Last20','user20@example.com',NULL,'1234567020','Admin','profile20.jpg','2025-02-06 12:18:51','2025-02-06 12:18:51'),(121,'First1','Last1','user1@example.com',NULL,'1234567001','User','profile1.jpg','2025-02-06 12:36:40','2025-02-06 12:36:40'),(122,'First2','Last2','user2@example.com',NULL,'1234567002','Admin','profile2.jpg','2025-02-06 12:36:40','2025-02-06 12:36:40'),(123,'First3','Last3','user3@example.com',NULL,'1234567003','User','profile3.jpg','2025-02-06 12:36:40','2025-02-06 12:36:40'),(124,'First4','Last4','user4@example.com',NULL,'1234567004','Admin','profile4.jpg','2025-02-06 12:36:40','2025-02-06 12:36:40'),(125,'First5','Last5','user5@example.com',NULL,'1234567005','User','profile5.jpg','2025-02-06 12:36:40','2025-02-06 12:36:40'),(126,'First6','Last6','user6@example.com',NULL,'1234567006','Admin','profile6.jpg','2025-02-06 12:36:40','2025-02-06 12:36:40'),(127,'First7','Last7','user7@example.com',NULL,'1234567007','User','profile7.jpg','2025-02-06 12:36:40','2025-02-06 12:36:40'),(128,'First8','Last8','user8@example.com',NULL,'1234567008','Admin','profile8.jpg','2025-02-06 12:36:40','2025-02-06 12:36:40'),(129,'First9','Last9','user9@example.com',NULL,'1234567009','User','profile9.jpg','2025-02-06 12:36:40','2025-02-06 12:36:40'),(130,'First10','Last10','user10@example.com',NULL,'1234567010','Admin','profile10.jpg','2025-02-06 12:36:40','2025-02-06 12:36:40'),(131,'First11','Last11','user11@example.com',NULL,'1234567011','User','profile11.jpg','2025-02-06 12:36:40','2025-02-06 12:36:40'),(132,'First12','Last12','user12@example.com',NULL,'1234567012','Admin','profile12.jpg','2025-02-06 12:36:40','2025-02-06 12:36:40'),(133,'First13','Last13','user13@example.com',NULL,'1234567013','User','profile13.jpg','2025-02-06 12:36:40','2025-02-06 12:36:40'),(134,'First14','Last14','user14@example.com',NULL,'1234567014','Admin','profile14.jpg','2025-02-06 12:36:40','2025-02-06 12:36:40'),(135,'First15','Last15','user15@example.com',NULL,'1234567015','User','profile15.jpg','2025-02-06 12:36:40','2025-02-06 12:36:40'),(136,'First16','Last16','user16@example.com',NULL,'1234567016','Admin','profile16.jpg','2025-02-06 12:36:40','2025-02-06 12:36:40'),(137,'First17','Last17','user17@example.com',NULL,'1234567017','User','profile17.jpg','2025-02-06 12:36:40','2025-02-06 12:36:40'),(138,'First18','Last18','user18@example.com',NULL,'1234567018','Admin','profile18.jpg','2025-02-06 12:36:40','2025-02-06 12:36:40'),(139,'First19','Last19','user19@example.com',NULL,'1234567019','User','profile19.jpg','2025-02-06 12:36:40','2025-02-06 12:36:40'),(140,'First20','Last20','user20@example.com',NULL,'1234567020','Admin','profile20.jpg','2025-02-06 12:36:40','2025-02-06 12:36:40'),(141,'First1','Last1','user1@example.com',NULL,'1234567001','User','profile1.jpg','2025-02-06 12:39:52','2025-02-06 12:39:52'),(142,'First2','Last2','user2@example.com',NULL,'1234567002','Admin','profile2.jpg','2025-02-06 12:39:52','2025-02-06 12:39:52'),(143,'First3','Last3','user3@example.com',NULL,'1234567003','User','profile3.jpg','2025-02-06 12:39:52','2025-02-06 12:39:52'),(144,'First4','Last4','user4@example.com',NULL,'1234567004','Admin','profile4.jpg','2025-02-06 12:39:52','2025-02-06 12:39:52'),(145,'First5','Last5','user5@example.com',NULL,'1234567005','User','profile5.jpg','2025-02-06 12:39:52','2025-02-06 12:39:52'),(146,'First6','Last6','user6@example.com',NULL,'1234567006','Admin','profile6.jpg','2025-02-06 12:39:52','2025-02-06 12:39:52'),(147,'First7','Last7','user7@example.com',NULL,'1234567007','User','profile7.jpg','2025-02-06 12:39:52','2025-02-06 12:39:52'),(148,'First8','Last8','user8@example.com',NULL,'1234567008','Admin','profile8.jpg','2025-02-06 12:39:52','2025-02-06 12:39:52'),(149,'First9','Last9','user9@example.com',NULL,'1234567009','User','profile9.jpg','2025-02-06 12:39:52','2025-02-06 12:39:52'),(150,'First10','Last10','user10@example.com',NULL,'1234567010','Admin','profile10.jpg','2025-02-06 12:39:52','2025-02-06 12:39:52'),(151,'First11','Last11','user11@example.com',NULL,'1234567011','User','profile11.jpg','2025-02-06 12:39:52','2025-02-06 12:39:52'),(152,'First12','Last12','user12@example.com',NULL,'1234567012','Admin','profile12.jpg','2025-02-06 12:39:52','2025-02-06 12:39:52'),(153,'First13','Last13','user13@example.com',NULL,'1234567013','User','profile13.jpg','2025-02-06 12:39:52','2025-02-06 12:39:52'),(154,'First14','Last14','user14@example.com',NULL,'1234567014','Admin','profile14.jpg','2025-02-06 12:39:52','2025-02-06 12:39:52'),(155,'First15','Last15','user15@example.com',NULL,'1234567015','User','profile15.jpg','2025-02-06 12:39:52','2025-02-06 12:39:52'),(156,'First16','Last16','user16@example.com',NULL,'1234567016','Admin','profile16.jpg','2025-02-06 12:39:52','2025-02-06 12:39:52'),(157,'First17','Last17','user17@example.com',NULL,'1234567017','User','profile17.jpg','2025-02-06 12:39:52','2025-02-06 12:39:52'),(158,'First18','Last18','user18@example.com',NULL,'1234567018','Admin','profile18.jpg','2025-02-06 12:39:52','2025-02-06 12:39:52'),(159,'First19','Last19','user19@example.com',NULL,'1234567019','User','profile19.jpg','2025-02-06 12:39:52','2025-02-06 12:39:52'),(160,'First20','Last20','user20@example.com',NULL,'1234567020','Admin','profile20.jpg','2025-02-06 12:39:52','2025-02-06 12:39:52');
/*!40000 ALTER TABLE `Users` ENABLE KEYS */;
UNLOCK TABLES;
/*!40103 SET TIME_ZONE=@OLD_TIME_ZONE */;

/*!40101 SET SQL_MODE=@OLD_SQL_MODE */;
/*!40014 SET FOREIGN_KEY_CHECKS=@OLD_FOREIGN_KEY_CHECKS */;
/*!40014 SET UNIQUE_CHECKS=@OLD_UNIQUE_CHECKS */;
/*!40101 SET CHARACTER_SET_CLIENT=@OLD_CHARACTER_SET_CLIENT */;
/*!40101 SET CHARACTER_SET_RESULTS=@OLD_CHARACTER_SET_RESULTS */;
/*!40101 SET COLLATION_CONNECTION=@OLD_COLLATION_CONNECTION */;
/*!40111 SET SQL_NOTES=@OLD_SQL_NOTES */;

-- Dump completed on 2025-02-06 15:42:01
